feature,importance,coefficient
Frequency,1.0669975851497016,1.0669975851497016
Monetary_log,0.5624753648332894,0.5624753648332894
Recency,0.5134391090606925,-0.5134391090606925
