feature,importance
Monetary_log,0.47473103938202754
Recency,0.3992231426495081
Frequency,0.12604581796846434
