,accuracy,precision,recall,f1,roc_auc
logistic,0.7365771812080537,0.7574712643678161,0.8648293963254593,0.8075980392156863,0.7985411707257523
random_forest,0.7239932885906041,0.7702871410736579,0.8097112860892388,0.7895073576455535,0.7824085942745529
xgboost,0.7105704697986577,0.7602996254681648,0.7992125984251969,0.7792706333973128,0.7753219801013245
