model,cv_mean_auc,cv_std_auc,best_final_model
logistic_regression,0.7914500266510462,0.014895664911025511,0.7985411707257523
random_forest,0.7802248727087775,0.009961236807761604,0.7824085942745529
xgboost,0.7658724764766135,0.005716023464234633,0.7753219801013245
